n,m,k,nonzeros
50,50,5,750
i,j,x_ij
0,0,1
0,1,0
0,2,1
0,3,1
0,4,1
0,5,0
0,6,0
0,7,1
0,8,0
0,9,0
0,10,0
0,11,0
0,12,0
0,13,0
0,14,1
0,15,1
0,16,0
0,17,1
0,18,0
0,19,0
0,20,0
0,21,0
0,22,0
0,23,1
0,24,0
0,25,0
0,26,0
0,27,0
0,28,1
0,29,0
0,30,0
0,31,1
0,32,0
0,33,0
0,34,0
0,35,0
0,36,0
0,37,1
0,38,0
0,39,1
0,40,0
0,41,1
0,42,0
0,43,1
0,44,0
0,45,0
0,46,1
0,47,1
0,48,0
0,49,1
1,0,0
1,1,0
1,2,0
1,3,0
1,4,1
1,5,0
1,6,0
1,7,0
1,8,0
1,9,0
1,10,0
1,11,1
1,12,1
1,13,1
1,14,0
1,15,0
1,16,0
1,17,1
1,18,0
1,19,0
1,20,0
1,21,0
1,22,0
1,23,1
1,24,1
1,25,1
1,26,0
1,27,1
1,28,0
1,29,0
1,30,0
1,31,0
1,32,0
1,33,1
1,34,1
1,35,0
1,36,0
1,37,1
1,38,0
1,39,0
1,40,1
1,41,0
1,42,0
1,43,1
1,44,0
1,45,1
1,46,0
1,47,1
1,48,0
1,49,1
2,0,0
2,1,0
2,2,1
2,3,1
2,4,0
2,5,1
2,6,0
2,7,0
2,8,0
2,9,0
2,10,1
2,11,0
2,12,0
2,13,0
2,14,0
2,15,0
2,16,0
2,17,0
2,18,0
2,19,1
2,20,0
2,21,0
2,22,0
2,23,1
2,24,1
2,25,1
2,26,0
2,27,0
2,28,1
2,29,0
2,30,0
2,31,0
2,32,0
2,33,0
2,34,0
2,35,1
2,36,0
2,37,1
2,38,0
2,39,1
2,40,0
2,41,1
2,42,0
2,43,0
2,44,0
2,45,0
2,46,1
2,47,1
2,48,0
2,49,1
3,0,0
3,1,1
3,2,0
3,3,0
3,4,0
3,5,0
3,6,0
3,7,0
3,8,0
3,9,1
3,10,0
3,11,1
3,12,0
3,13,0
3,14,1
3,15,0
3,16,1
3,17,0
3,18,1
3,19,0
3,20,1
3,21,0
3,22,0
3,23,1
3,24,0
3,25,0
3,26,0
3,27,0
3,28,1
3,29,1
3,30,0
3,31,0
3,32,0
3,33,0
3,34,0
3,35,0
3,36,0
3,37,1
3,38,0
3,39,1
3,40,0
3,41,1
3,42,1
3,43,0
3,44,0
3,45,1
3,46,1
3,47,1
3,48,1
3,49,1
4,0,1
4,1,1
4,2,1
4,3,1
4,4,0
4,5,0
4,6,0
4,7,1
4,8,1
4,9,0
4,10,0
4,11,0
4,12,0
4,13,0
4,14,1
4,15,0
4,16,0
4,17,0
4,18,0
4,19,0
4,20,0
4,21,0
4,22,0
4,23,1
4,24,0
4,25,0
4,26,1
4,27,0
4,28,0
4,29,0
4,30,1
4,31,0
4,32,0
4,33,1
4,34,0
4,35,0
4,36,0
4,37,0
4,38,1
4,39,0
4,40,0
4,41,0
4,42,0
4,43,0
4,44,1
4,45,0
4,46,0
4,47,0
4,48,0
4,49,0
5,0,0
5,1,0
5,2,0
5,3,0
5,4,0
5,5,0
5,6,1
5,7,0
5,8,1
5,9,0
5,10,1
5,11,0
5,12,0
5,13,0
5,14,0
5,15,0
5,16,0
5,17,1
5,18,0
5,19,0
5,20,0
5,21,0
5,22,0
5,23,0
5,24,0
5,25,0
5,26,1
5,27,0
5,28,0
5,29,0
5,30,1
5,31,0
5,32,1
5,33,0
5,34,0
5,35,0
5,36,1
5,37,1
5,38,1
5,39,0
5,40,0
5,41,0
5,42,0
5,43,1
5,44,1
5,45,1
5,46,1
5,47,0
5,48,1
5,49,0
6,0,0
6,1,1
6,2,1
6,3,1
6,4,0
6,5,0
6,6,0
6,7,0
6,8,1
6,9,0
6,10,0
6,11,1
6,12,0
6,13,0
6,14,0
6,15,0
6,16,1
6,17,0
6,18,0
6,19,0
6,20,1
6,21,1
6,22,0
6,23,0
6,24,0
6,25,0
6,26,0
6,27,0
6,28,0
6,29,1
6,30,1
6,31,0
6,32,1
6,33,1
6,34,0
6,35,0
6,36,0
6,37,0
6,38,0
6,39,0
6,40,0
6,41,0
6,42,0
6,43,0
6,44,0
6,45,0
6,46,0
6,47,0
6,48,0
6,49,1
7,0,0
7,1,0
7,2,0
7,3,1
7,4,0
7,5,0
7,6,1
7,7,0
7,8,0
7,9,0
7,10,0
7,11,0
7,12,1
7,13,0
7,14,0
7,15,0
7,16,1
7,17,0
7,18,1
7,19,0
7,20,1
7,21,0
7,22,0
7,23,0
7,24,1
7,25,1
7,26,0
7,27,0
7,28,1
7,29,1
7,30,0
7,31,0
7,32,1
7,33,1
7,34,0
7,35,0
7,36,1
7,37,0
7,38,0
7,39,0
7,40,0
7,41,0
7,42,1
7,43,0
7,44,0
7,45,0
7,46,0
7,47,1
7,48,0
7,49,0
8,0,0
8,1,0
8,2,0
8,3,0
8,4,0
8,5,0
8,6,0
8,7,1
8,8,0
8,9,0
8,10,0
8,11,0
8,12,0
8,13,0
8,14,0
8,15,1
8,16,0
8,17,0
8,18,1
8,19,0
8,20,0
8,21,0
8,22,1
8,23,0
8,24,0
8,25,1
8,26,0
8,27,1
8,28,0
8,29,0
8,30,0
8,31,1
8,32,0
8,33,1
8,34,0
8,35,0
8,36,0
8,37,0
8,38,0
8,39,0
8,40,1
8,41,1
8,42,0
8,43,0
8,44,0
8,45,0
8,46,0
8,47,0
8,48,0
8,49,0
9,0,0
9,1,0
9,2,0
9,3,0
9,4,0
9,5,1
9,6,0
9,7,0
9,8,0
9,9,1
9,10,0
9,11,1
9,12,0
9,13,0
9,14,0
9,15,0
9,16,0
9,17,1
9,18,0
9,19,0
9,20,0
9,21,0
9,22,0
9,23,1
9,24,1
9,25,0
9,26,0
9,27,0
9,28,0
9,29,0
9,30,0
9,31,0
9,32,1
9,33,0
9,34,0
9,35,0
9,36,0
9,37,0
9,38,0
9,39,1
9,40,0
9,41,0
9,42,0
9,43,1
9,44,0
9,45,0
9,46,1
9,47,0
9,48,0
9,49,0
10,0,1
10,1,0
10,2,1
10,3,0
10,4,0
10,5,1
10,6,1
10,7,0
10,8,1
10,9,1
10,10,0
10,11,1
10,12,0
10,13,1
10,14,0
10,15,0
10,16,1
10,17,1
10,18,1
10,19,0
10,20,0
10,21,1
10,22,1
10,23,0
10,24,1
10,25,0
10,26,0
10,27,1
10,28,1
10,29,1
10,30,0
10,31,0
10,32,0
10,33,0
10,34,1
10,35,1
10,36,1
10,37,0
10,38,0
10,39,0
10,40,0
10,41,0
10,42,0
10,43,0
10,44,0
10,45,0
10,46,1
10,47,0
10,48,1
10,49,0
11,0,0
11,1,0
11,2,0
11,3,0
11,4,1
11,5,0
11,6,0
11,7,0
11,8,0
11,9,0
11,10,0
11,11,0
11,12,0
11,13,1
11,14,0
11,15,1
11,16,0
11,17,0
11,18,0
11,19,1
11,20,0
11,21,0
11,22,0
11,23,0
11,24,0
11,25,0
11,26,0
11,27,1
11,28,1
11,29,0
11,30,0
11,31,1
11,32,1
11,33,1
11,34,1
11,35,1
11,36,0
11,37,0
11,38,0
11,39,0
11,40,1
11,41,0
11,42,1
11,43,1
11,44,0
11,45,0
11,46,1
11,47,1
11,48,1
11,49,0
12,0,1
12,1,1
12,2,0
12,3,0
12,4,0
12,5,0
12,6,0
12,7,0
12,8,0
12,9,0
12,10,0
12,11,1
12,12,0
12,13,0
12,14,1
12,15,0
12,16,0
12,17,0
12,18,0
12,19,0
12,20,0
12,21,0
12,22,0
12,23,0
12,24,0
12,25,0
12,26,0
12,27,0
12,28,0
12,29,1
12,30,0
12,31,1
12,32,1
12,33,1
12,34,0
12,35,0
12,36,0
12,37,1
12,38,0
12,39,1
12,40,0
12,41,0
12,42,1
12,43,0
12,44,1
12,45,1
12,46,0
12,47,0
12,48,1
12,49,0
13,0,1
13,1,0
13,2,1
13,3,1
13,4,0
13,5,0
13,6,0
13,7,0
13,8,0
13,9,0
13,10,0
13,11,0
13,12,1
13,13,0
13,14,0
13,15,0
13,16,0
13,17,0
13,18,1
13,19,0
13,20,0
13,21,0
13,22,0
13,23,0
13,24,0
13,25,0
13,26,0
13,27,1
13,28,0
13,29,0
13,30,0
13,31,0
13,32,1
13,33,1
13,34,0
13,35,1
13,36,0
13,37,0
13,38,0
13,39,0
13,40,1
13,41,0
13,42,1
13,43,0
13,44,0
13,45,0
13,46,1
13,47,1
13,48,0
13,49,0
14,0,1
14,1,0
14,2,1
14,3,0
14,4,1
14,5,0
14,6,0
14,7,0
14,8,0
14,9,0
14,10,0
14,11,0
14,12,0
14,13,0
14,14,1
14,15,1
14,16,0
14,17,1
14,18,0
14,19,0
14,20,0
14,21,0
14,22,0
14,23,0
14,24,1
14,25,1
14,26,0
14,27,0
14,28,1
14,29,0
14,30,0
14,31,0
14,32,0
14,33,0
14,34,1
14,35,0
14,36,0
14,37,0
14,38,0
14,39,0
14,40,0
14,41,0
14,42,0
14,43,0
14,44,1
14,45,0
14,46,0
14,47,1
14,48,0
14,49,0
15,0,0
15,1,1
15,2,1
15,3,0
15,4,0
15,5,0
15,6,0
15,7,1
15,8,0
15,9,0
15,10,0
15,11,0
15,12,1
15,13,0
15,14,0
15,15,1
15,16,1
15,17,1
15,18,0
15,19,0
15,20,0
15,21,0
15,22,0
15,23,0
15,24,0
15,25,1
15,26,1
15,27,0
15,28,0
15,29,0
15,30,0
15,31,0
15,32,1
15,33,0
15,34,0
15,35,0
15,36,1
15,37,0
15,38,0
15,39,1
15,40,1
15,41,0
15,42,0
15,43,1
15,44,1
15,45,0
15,46,0
15,47,1
15,48,1
15,49,1
16,0,0
16,1,1
16,2,1
16,3,0
16,4,0
16,5,0
16,6,1
16,7,0
16,8,1
16,9,0
16,10,0
16,11,1
16,12,1
16,13,0
16,14,1
16,15,1
16,16,0
16,17,0
16,18,0
16,19,0
16,20,0
16,21,0
16,22,0
16,23,0
16,24,0
16,25,0
16,26,0
16,27,0
16,28,0
16,29,1
16,30,0
16,31,0
16,32,0
16,33,0
16,34,0
16,35,1
16,36,1
16,37,0
16,38,0
16,39,0
16,40,0
16,41,0
16,42,0
16,43,0
16,44,0
16,45,0
16,46,0
16,47,0
16,48,0
16,49,0
17,0,0
17,1,1
17,2,1
17,3,0
17,4,1
17,5,1
17,6,0
17,7,0
17,8,0
17,9,0
17,10,1
17,11,0
17,12,0
17,13,0
17,14,0
17,15,1
17,16,0
17,17,0
17,18,1
17,19,0
17,20,1
17,21,0
17,22,1
17,23,0
17,24,0
17,25,0
17,26,1
17,27,0
17,28,1
17,29,1
17,30,1
17,31,1
17,32,1
17,33,0
17,34,0
17,35,0
17,36,0
17,37,0
17,38,0
17,39,0
17,40,1
17,41,0
17,42,0
17,43,0
17,44,0
17,45,1
17,46,1
17,47,1
17,48,0
17,49,0
18,0,0
18,1,0
18,2,1
18,3,0
18,4,0
18,5,0
18,6,0
18,7,0
18,8,0
18,9,1
18,10,0
18,11,0
18,12,1
18,13,1
18,14,0
18,15,0
18,16,0
18,17,0
18,18,1
18,19,0
18,20,0
18,21,0
18,22,1
18,23,1
18,24,1
18,25,0
18,26,0
18,27,0
18,28,1
18,29,1
18,30,0
18,31,0
18,32,1
18,33,0
18,34,0
18,35,0
18,36,0
18,37,0
18,38,0
18,39,0
18,40,0
18,41,1
18,42,0
18,43,0
18,44,1
18,45,1
18,46,0
18,47,0
18,48,0
18,49,0
19,0,0
19,1,0
19,2,1
19,3,0
19,4,1
19,5,0
19,6,0
19,7,0
19,8,0
19,9,0
19,10,0
19,11,0
19,12,0
19,13,0
19,14,1
19,15,0
19,16,0
19,17,0
19,18,1
19,19,0
19,20,0
19,21,0
19,22,0
19,23,1
19,24,0
19,25,1
19,26,0
19,27,0
19,28,0
19,29,0
19,30,1
19,31,1
19,32,0
19,33,1
19,34,0
19,35,1
19,36,0
19,37,0
19,38,0
19,39,1
19,40,1
19,41,1
19,42,0
19,43,0
19,44,1
19,45,0
19,46,0
19,47,0
19,48,0
19,49,0
20,0,0
20,1,0
20,2,1
20,3,0
20,4,0
20,5,0
20,6,0
20,7,0
20,8,0
20,9,0
20,10,0
20,11,0
20,12,0
20,13,0
20,14,0
20,15,0
20,16,0
20,17,0
20,18,0
20,19,1
20,20,1
20,21,1
20,22,0
20,23,0
20,24,0
20,25,0
20,26,0
20,27,1
20,28,0
20,29,1
20,30,0
20,31,0
20,32,0
20,33,0
20,34,0
20,35,1
20,36,0
20,37,1
20,38,0
20,39,1
20,40,0
20,41,0
20,42,0
20,43,0
20,44,1
20,45,1
20,46,1
20,47,0
20,48,0
20,49,0
21,0,1
21,1,1
21,2,0
21,3,0
21,4,0
21,5,0
21,6,1
21,7,0
21,8,0
21,9,0
21,10,0
21,11,0
21,12,0
21,13,1
21,14,0
21,15,0
21,16,1
21,17,0
21,18,0
21,19,1
21,20,0
21,21,0
21,22,0
21,23,1
21,24,1
21,25,0
21,26,1
21,27,1
21,28,0
21,29,1
21,30,1
21,31,0
21,32,1
21,33,1
21,34,0
21,35,0
21,36,0
21,37,0
21,38,0
21,39,0
21,40,1
21,41,0
21,42,1
21,43,0
21,44,1
21,45,0
21,46,0
21,47,0
21,48,1
21,49,0
22,0,0
22,1,0
22,2,0
22,3,1
22,4,0
22,5,1
22,6,0
22,7,0
22,8,1
22,9,0
22,10,0
22,11,1
22,12,0
22,13,0
22,14,0
22,15,1
22,16,0
22,17,1
22,18,0
22,19,0
22,20,0
22,21,1
22,22,0
22,23,1
22,24,0
22,25,0
22,26,0
22,27,1
22,28,0
22,29,0
22,30,0
22,31,1
22,32,0
22,33,0
22,34,1
22,35,1
22,36,0
22,37,1
22,38,0
22,39,0
22,40,0
22,41,0
22,42,1
22,43,0
22,44,0
22,45,0
22,46,0
22,47,0
22,48,0
22,49,0
23,0,0
23,1,0
23,2,0
23,3,0
23,4,0
23,5,1
23,6,0
23,7,0
23,8,1
23,9,0
23,10,1
23,11,0
23,12,0
23,13,0
23,14,0
23,15,0
23,16,0
23,17,0
23,18,0
23,19,0
23,20,0
23,21,0
23,22,1
23,23,0
23,24,0
23,25,0
23,26,1
23,27,0
23,28,0
23,29,0
23,30,0
23,31,0
23,32,1
23,33,1
23,34,0
23,35,0
23,36,1
23,37,0
23,38,0
23,39,0
23,40,1
23,41,1
23,42,0
23,43,0
23,44,0
23,45,0
23,46,0
23,47,0
23,48,0
23,49,0
24,0,1
24,1,0
24,2,1
24,3,0
24,4,0
24,5,1
24,6,1
24,7,0
24,8,0
24,9,0
24,10,0
24,11,1
24,12,1
24,13,0
24,14,0
24,15,0
24,16,1
24,17,0
24,18,0
24,19,0
24,20,1
24,21,0
24,22,1
24,23,0
24,24,1
24,25,0
24,26,1
24,27,0
24,28,0
24,29,0
24,30,1
24,31,0
24,32,0
24,33,1
24,34,0
24,35,0
24,36,1
24,37,1
24,38,0
24,39,0
24,40,0
24,41,0
24,42,0
24,43,0
24,44,1
24,45,0
24,46,0
24,47,0
24,48,1
24,49,1
25,0,1
25,1,1
25,2,0
25,3,0
25,4,0
25,5,0
25,6,1
25,7,1
25,8,0
25,9,0
25,10,1
25,11,0
25,12,1
25,13,0
25,14,1
25,15,1
25,16,0
25,17,1
25,18,1
25,19,0
25,20,0
25,21,0
25,22,0
25,23,0
25,24,0
25,25,0
25,26,0
25,27,0
25,28,1
25,29,0
25,30,0
25,31,0
25,32,0
25,33,0
25,34,0
25,35,0
25,36,0
25,37,1
25,38,0
25,39,1
25,40,0
25,41,0
25,42,0
25,43,0
25,44,0
25,45,0
25,46,0
25,47,0
25,48,1
25,49,1
26,0,0
26,1,1
26,2,0
26,3,0
26,4,1
26,5,0
26,6,0
26,7,0
26,8,1
26,9,0
26,10,0
26,11,0
26,12,1
26,13,0
26,14,1
26,15,1
26,16,1
26,17,0
26,18,0
26,19,0
26,20,0
26,21,1
26,22,0
26,23,0
26,24,0
26,25,1
26,26,0
26,27,0
26,28,0
26,29,0
26,30,0
26,31,0
26,32,0
26,33,0
26,34,1
26,35,1
26,36,0
26,37,0
26,38,0
26,39,0
26,40,1
26,41,0
26,42,1
26,43,0
26,44,1
26,45,0
26,46,0
26,47,0
26,48,1
26,49,0
27,0,1
27,1,0
27,2,0
27,3,0
27,4,1
27,5,0
27,6,1
27,7,0
27,8,0
27,9,0
27,10,0
27,11,0
27,12,0
27,13,1
27,14,0
27,15,0
27,16,0
27,17,0
27,18,1
27,19,0
27,20,1
27,21,0
27,22,0
27,23,0
27,24,0
27,25,0
27,26,1
27,27,0
27,28,0
27,29,1
27,30,0
27,31,0
27,32,1
27,33,0
27,34,0
27,35,1
27,36,0
27,37,0
27,38,0
27,39,1
27,40,0
27,41,0
27,42,0
27,43,1
27,44,0
27,45,0
27,46,0
27,47,0
27,48,1
27,49,1
28,0,0
28,1,0
28,2,0
28,3,0
28,4,0
28,5,0
28,6,0
28,7,1
28,8,1
28,9,0
28,10,1
28,11,0
28,12,0
28,13,1
28,14,1
28,15,0
28,16,0
28,17,0
28,18,0
28,19,0
28,20,0
28,21,1
28,22,0
28,23,0
28,24,1
28,25,0
28,26,1
28,27,1
28,28,0
28,29,0
28,30,0
28,31,0
28,32,0
28,33,1
28,34,1
28,35,0
28,36,0
28,37,0
28,38,0
28,39,0
28,40,1
28,41,1
28,42,0
28,43,0
28,44,0
28,45,0
28,46,0
28,47,1
28,48,0
28,49,0
29,0,0
29,1,0
29,2,1
29,3,0
29,4,0
29,5,1
29,6,1
29,7,0
29,8,0
29,9,0
29,10,0
29,11,0
29,12,0
29,13,0
29,14,0
29,15,0
29,16,0
29,17,0
29,18,0
29,19,0
29,20,0
29,21,0
29,22,0
29,23,0
29,24,1
29,25,0
29,26,1
29,27,0
29,28,0
29,29,1
29,30,0
29,31,0
29,32,0
29,33,0
29,34,1
29,35,1
29,36,0
29,37,1
29,38,0
29,39,0
29,40,0
29,41,0
29,42,1
29,43,0
29,44,0
29,45,1
29,46,0
29,47,0
29,48,0
29,49,0
30,0,1
30,1,1
30,2,0
30,3,0
30,4,1
30,5,0
30,6,0
30,7,1
30,8,0
30,9,0
30,10,0
30,11,1
30,12,1
30,13,0
30,14,0
30,15,1
30,16,0
30,17,0
30,18,1
30,19,0
30,20,1
30,21,0
30,22,0
30,23,0
30,24,1
30,25,0
30,26,0
30,27,0
30,28,1
30,29,0
30,30,0
30,31,0
30,32,0
30,33,1
30,34,0
30,35,0
30,36,0
30,37,1
30,38,1
30,39,1
30,40,0
30,41,0
30,42,1
30,43,0
30,44,0
30,45,0
30,46,1
30,47,0
30,48,0
30,49,0
31,0,0
31,1,0
31,2,1
31,3,0
31,4,1
31,5,1
31,6,1
31,7,0
31,8,0
31,9,0
31,10,1
31,11,0
31,12,0
31,13,0
31,14,0
31,15,1
31,16,0
31,17,1
31,18,1
31,19,0
31,20,0
31,21,0
31,22,0
31,23,0
31,24,0
31,25,1
31,26,0
31,27,1
31,28,0
31,29,1
31,30,0
31,31,1
31,32,0
31,33,0
31,34,0
31,35,0
31,36,0
31,37,0
31,38,0
31,39,0
31,40,1
31,41,0
31,42,1
31,43,1
31,44,0
31,45,0
31,46,1
31,47,0
31,48,0
31,49,0
32,0,0
32,1,1
32,2,0
32,3,0
32,4,0
32,5,0
32,6,1
32,7,1
32,8,0
32,9,0
32,10,0
32,11,0
32,12,0
32,13,1
32,14,0
32,15,0
32,16,1
32,17,1
32,18,0
32,19,0
32,20,0
32,21,0
32,22,0
32,23,0
32,24,1
32,25,0
32,26,0
32,27,0
32,28,0
32,29,1
32,30,0
32,31,1
32,32,1
32,33,1
32,34,1
32,35,0
32,36,0
32,37,1
32,38,0
32,39,0
32,40,0
32,41,1
32,42,0
32,43,0
32,44,0
32,45,1
32,46,0
32,47,0
32,48,1
32,49,1
33,0,0
33,1,0
33,2,1
33,3,0
33,4,0
33,5,1
33,6,1
33,7,1
33,8,0
33,9,0
33,10,1
33,11,0
33,12,0
33,13,1
33,14,0
33,15,0
33,16,0
33,17,1
33,18,1
33,19,0
33,20,1
33,21,0
33,22,0
33,23,0
33,24,0
33,25,1
33,26,0
33,27,0
33,28,0
33,29,1
33,30,0
33,31,1
33,32,1
33,33,0
33,34,0
33,35,0
33,36,1
33,37,0
33,38,0
33,39,0
33,40,1
33,41,1
33,42,0
33,43,1
33,44,0
33,45,0
33,46,1
33,47,1
33,48,0
33,49,1
34,0,0
34,1,0
34,2,0
34,3,0
34,4,0
34,5,1
34,6,0
34,7,0
34,8,0
34,9,0
34,10,0
34,11,0
34,12,0
34,13,0
34,14,0
34,15,1
34,16,0
34,17,0
34,18,0
34,19,0
34,20,0
34,21,0
34,22,0
34,23,0
34,24,1
34,25,0
34,26,0
34,27,1
34,28,1
34,29,1
34,30,1
34,31,1
34,32,0
34,33,0
34,34,0
34,35,0
34,36,0
34,37,0
34,38,0
34,39,0
34,40,0
34,41,0
34,42,1
34,43,1
34,44,0
34,45,0
34,46,0
34,47,1
34,48,1
34,49,1
35,0,0
35,1,1
35,2,1
35,3,1
35,4,0
35,5,1
35,6,1
35,7,1
35,8,1
35,9,1
35,10,1
35,11,0
35,12,0
35,13,1
35,14,1
35,15,1
35,16,0
35,17,1
35,18,1
35,19,1
35,20,0
35,21,0
35,22,0
35,23,1
35,24,0
35,25,0
35,26,0
35,27,0
35,28,0
35,29,0
35,30,0
35,31,1
35,32,0
35,33,0
35,34,0
35,35,0
35,36,0
35,37,0
35,38,1
35,39,1
35,40,0
35,41,0
35,42,0
35,43,1
35,44,0
35,45,0
35,46,0
35,47,0
35,48,0
35,49,0
36,0,0
36,1,0
36,2,0
36,3,1
36,4,0
36,5,0
36,6,0
36,7,0
36,8,0
36,9,1
36,10,0
36,11,0
36,12,0
36,13,0
36,14,1
36,15,0
36,16,0
36,17,1
36,18,0
36,19,0
36,20,1
36,21,0
36,22,0
36,23,0
36,24,0
36,25,1
36,26,0
36,27,1
36,28,0
36,29,0
36,30,0
36,31,0
36,32,1
36,33,1
36,34,0
36,35,0
36,36,0
36,37,0
36,38,0
36,39,0
36,40,0
36,41,1
36,42,0
36,43,0
36,44,0
36,45,1
36,46,0
36,47,1
36,48,1
36,49,0
37,0,0
37,1,0
37,2,0
37,3,0
37,4,1
37,5,1
37,6,0
37,7,0
37,8,1
37,9,0
37,10,0
37,11,1
37,12,1
37,13,1
37,14,1
37,15,1
37,16,0
37,17,0
37,18,0
37,19,0
37,20,0
37,21,1
37,22,0
37,23,0
37,24,1
37,25,0
37,26,0
37,27,0
37,28,0
37,29,0
37,30,1
37,31,0
37,32,0
37,33,0
37,34,0
37,35,0
37,36,1
37,37,0
37,38,1
37,39,1
37,40,0
37,41,1
37,42,0
37,43,1
37,44,1
37,45,0
37,46,1
37,47,1
37,48,0
37,49,0
38,0,0
38,1,1
38,2,0
38,3,0
38,4,0
38,5,0
38,6,0
38,7,1
38,8,0
38,9,0
38,10,0
38,11,0
38,12,0
38,13,1
38,14,0
38,15,0
38,16,0
38,17,0
38,18,0
38,19,0
38,20,1
38,21,1
38,22,1
38,23,0
38,24,0
38,25,0
38,26,1
38,27,0
38,28,0
38,29,0
38,30,1
38,31,0
38,32,0
38,33,0
38,34,0
38,35,1
38,36,0
38,37,0
38,38,1
38,39,0
38,40,0
38,41,0
38,42,0
38,43,0
38,44,1
38,45,0
38,46,1
38,47,0
38,48,1
38,49,0
39,0,0
39,1,0
39,2,0
39,3,0
39,4,0
39,5,1
39,6,0
39,7,0
39,8,0
39,9,0
39,10,0
39,11,0
39,12,0
39,13,1
39,14,0
39,15,0
39,16,1
39,17,0
39,18,0
39,19,1
39,20,0
39,21,1
39,22,1
39,23,0
39,24,0
39,25,1
39,26,1
39,27,0
39,28,1
39,29,0
39,30,1
39,31,0
39,32,0
39,33,1
39,34,0
39,35,0
39,36,1
39,37,1
39,38,0
39,39,0
39,40,1
39,41,0
39,42,0
39,43,0
39,44,0
39,45,0
39,46,0
39,47,0
39,48,0
39,49,0
40,0,0
40,1,0
40,2,0
40,3,0
40,4,0
40,5,1
40,6,1
40,7,0
40,8,0
40,9,1
40,10,0
40,11,1
40,12,0
40,13,1
40,14,1
40,15,0
40,16,0
40,17,0
40,18,0
40,19,1
40,20,0
40,21,0
40,22,0
40,23,1
40,24,0
40,25,0
40,26,0
40,27,0
40,28,0
40,29,0
40,30,1
40,31,0
40,32,1
40,33,0
40,34,0
40,35,0
40,36,1
40,37,0
40,38,0
40,39,0
40,40,0
40,41,1
40,42,1
40,43,0
40,44,0
40,45,0
40,46,1
40,47,1
40,48,0
40,49,0
41,0,0
41,1,1
41,2,0
41,3,1
41,4,0
41,5,0
41,6,0
41,7,1
41,8,1
41,9,0
41,10,0
41,11,0
41,12,0
41,13,0
41,14,0
41,15,1
41,16,0
41,17,0
41,18,0
41,19,0
41,20,0
41,21,0
41,22,0
41,23,0
41,24,0
41,25,0
41,26,1
41,27,0
41,28,0
41,29,0
41,30,0
41,31,1
41,32,1
41,33,0
41,34,0
41,35,0
41,36,0
41,37,1
41,38,0
41,39,1
41,40,0
41,41,0
41,42,0
41,43,1
41,44,1
41,45,1
41,46,1
41,47,1
41,48,0
41,49,0
42,0,0
42,1,0
42,2,0
42,3,0
42,4,0
42,5,1
42,6,1
42,7,0
42,8,0
42,9,0
42,10,0
42,11,0
42,12,0
42,13,0
42,14,0
42,15,1
42,16,0
42,17,0
42,18,0
42,19,0
42,20,0
42,21,0
42,22,0
42,23,0
42,24,1
42,25,1
42,26,0
42,27,0
42,28,1
42,29,1
42,30,1
42,31,0
42,32,1
42,33,0
42,34,0
42,35,0
42,36,1
42,37,0
42,38,1
42,39,0
42,40,0
42,41,0
42,42,0
42,43,1
42,44,0
42,45,0
42,46,0
42,47,0
42,48,1
42,49,0
43,0,1
43,1,1
43,2,0
43,3,1
43,4,0
43,5,1
43,6,0
43,7,0
43,8,0
43,9,0
43,10,0
43,11,0
43,12,0
43,13,0
43,14,0
43,15,0
43,16,0
43,17,0
43,18,0
43,19,0
43,20,0
43,21,0
43,22,0
43,23,1
43,24,1
43,25,0
43,26,0
43,27,0
43,28,0
43,29,0
43,30,0
43,31,0
43,32,1
43,33,0
43,34,0
43,35,0
43,36,0
43,37,1
43,38,0
43,39,1
43,40,0
43,41,1
43,42,0
43,43,1
43,44,1
43,45,0
43,46,0
43,47,0
43,48,0
43,49,1
44,0,0
44,1,1
44,2,1
44,3,0
44,4,0
44,5,1
44,6,0
44,7,1
44,8,0
44,9,0
44,10,1
44,11,0
44,12,0
44,13,0
44,14,0
44,15,0
44,16,0
44,17,1
44,18,0
44,19,0
44,20,1
44,21,1
44,22,1
44,23,0
44,24,1
44,25,1
44,26,0
44,27,1
44,28,0
44,29,0
44,30,0
44,31,0
44,32,1
44,33,0
44,34,0
44,35,0
44,36,0
44,37,1
44,38,1
44,39,0
44,40,1
44,41,0
44,42,1
44,43,0
44,44,0
44,45,0
44,46,0
44,47,1
44,48,0
44,49,0
45,0,1
45,1,0
45,2,0
45,3,1
45,4,0
45,5,1
45,6,0
45,7,0
45,8,1
45,9,0
45,10,0
45,11,0
45,12,1
45,13,0
45,14,1
45,15,1
45,16,0
45,17,1
45,18,0
45,19,0
45,20,0
45,21,0
45,22,0
45,23,0
45,24,0
45,25,0
45,26,0
45,27,0
45,28,0
45,29,1
45,30,0
45,31,0
45,32,1
45,33,1
45,34,1
45,35,1
45,36,1
45,37,0
45,38,0
45,39,0
45,40,0
45,41,0
45,42,1
45,43,0
45,44,0
45,45,0
45,46,0
45,47,0
45,48,0
45,49,1
46,0,0
46,1,1
46,2,0
46,3,1
46,4,0
46,5,0
46,6,0
46,7,1
46,8,0
46,9,0
46,10,0
46,11,0
46,12,1
46,13,0
46,14,0
46,15,1
46,16,0
46,17,1
46,18,0
46,19,1
46,20,0
46,21,1
46,22,1
46,23,0
46,24,0
46,25,0
46,26,0
46,27,0
46,28,0
46,29,0
46,30,0
46,31,0
46,32,0
46,33,1
46,34,1
46,35,0
46,36,0
46,37,0
46,38,0
46,39,1
46,40,0
46,41,1
46,42,0
46,43,0
46,44,0
46,45,0
46,46,0
46,47,0
46,48,0
46,49,0
47,0,0
47,1,0
47,2,0
47,3,0
47,4,1
47,5,1
47,6,1
47,7,1
47,8,0
47,9,0
47,10,0
47,11,1
47,12,0
47,13,1
47,14,1
47,15,0
47,16,0
47,17,0
47,18,0
47,19,0
47,20,0
47,21,0
47,22,1
47,23,0
47,24,0
47,25,0
47,26,0
47,27,0
47,28,1
47,29,0
47,30,0
47,31,0
47,32,1
47,33,0
47,34,0
47,35,0
47,36,0
47,37,0
47,38,0
47,39,0
47,40,1
47,41,0
47,42,0
47,43,0
47,44,0
47,45,0
47,46,1
47,47,0
47,48,0
47,49,0
48,0,0
48,1,0
48,2,0
48,3,0
48,4,0
48,5,1
48,6,0
48,7,1
48,8,0
48,9,0
48,10,0
48,11,0
48,12,0
48,13,1
48,14,0
48,15,1
48,16,0
48,17,0
48,18,0
48,19,0
48,20,0
48,21,0
48,22,0
48,23,0
48,24,1
48,25,1
48,26,0
48,27,0
48,28,0
48,29,0
48,30,0
48,31,0
48,32,0
48,33,1
48,34,1
48,35,1
48,36,1
48,37,0
48,38,1
48,39,0
48,40,0
48,41,1
48,42,0
48,43,1
48,44,1
48,45,0
48,46,1
48,47,0
48,48,0
48,49,0
49,0,1
49,1,1
49,2,0
49,3,0
49,4,0
49,5,0
49,6,0
49,7,0
49,8,1
49,9,0
49,10,1
49,11,0
49,12,0
49,13,0
49,14,0
49,15,1
49,16,1
49,17,0
49,18,0
49,19,0
49,20,0
49,21,1
49,22,0
49,23,0
49,24,1
49,25,0
49,26,1
49,27,1
49,28,1
49,29,0
49,30,0
49,31,0
49,32,0
49,33,1
49,34,1
49,35,0
49,36,0
49,37,0
49,38,0
49,39,1
49,40,0
49,41,0
49,42,0
49,43,0
49,44,0
49,45,1
49,46,0
49,47,1
49,48,0
49,49,1
